,SCM_rep1,SCM_rep2,SCM_rep3,LOV_rep1,LOV_rep2,LOV_rep3
Mutated TFBS,0.6524127,0.8454475,0.3714862,0.4529075,0.5092031,0.2790288
chr7:472525 T>A,2.068089,2.234591,1.82962,1.50237,1.031837,0.8921269
chr7:472522 C>A,0.5716087,0.8597478,0.5493619,0.7897118,0.4957706,0.5309138
Wildtype,0.8436915,1.163844,0.8903256,1.292897,0.9259866,0.7118479
Consensus,1.8693,2.223037,1.706098,1.797015,1.368475,1.542531